Library Order,Name,ID,Group,Version,Author,Class name,Pack,Render
1,The Abbyss,2,1,Beta 2.0,Andreas Gysin,Abbyss,Base,P3D
2,Arbre,6,1,Alpha 2.0,Stan le Punk,ArbreRomanesco,Base,classic
3,ATOM,3,1,Alpha 2.0,Stan le Punk,Atome,Base,P3D
4,Balise,8,1,Alpha 2.0,Stan le Punk,BaliseRomanesco,Base,classic
5,Courbe,7,1,Alpha 2.0,Stan le Punk,Courbe,Base,classic
6,Lignes,10,2,Alpha 2.0,Stan le Punk,Lignes,Base,classic
7,Polygone,9,1,Alpha 2.0,Stan le Punk,Polygone,Base,classic
8,Spirale,5,1,Alpha 2.0,Stan le Punk,SpiraleRomanesco,Base,P3D
9,Spray,4,1,Alpha 2.0,Stan le Punk,Spray,Base,classic
10,Triangle,1,1,Alpha 2.0,Stan le Punk,Triangle,Base,classic
